name,phone_number,address,resort,source,source_url,collected_at,contact_type
Alexis Nunez,+13108237552,"Oceanside, CA",Four Seasons Residence Clubs at Aviara,LTRBA,https://www.licensedtimeshareresalebrokers.org/SiteMembers/f0de9482-fce0-4431-affb-cf7b35c73e9b,2026-10-02T19:04:52Z,agent
Betty Zipf,+13108237552,"Oceanside, CA",Four Seasons Residence Clubs at Aviara,LTRBA,https://www.licensedtimeshareresalebrokers.org/SiteMembers/4ef8d67c-b9e7-4447-8edc-4ae3ea541a6c,2026-10-02T19:04:52Z,agent
Mario Collura,+13108237552,"Oceanside, CA",Four Seasons Residence Clubs at Aviara,LTRBA,https://www.licensedtimeshareresalebrokers.org/SiteMembers/a09a6a61-f567-4b9b-91bc-2e774597706f,2026-10-02T19:04:52Z,agent
Pinnacle Vacations,+18004855632,"4600 Summerlin Road, Suite C-2, Box 277, Fort Myers, FL 33919",Casa Del Mar,Pinnacle Vacations,https://www.pinnaclevacations.com/search-results.aspx?prevpage=state-search.aspx&stateid=10,2026-10-02T19:07:04Z,company
Pinnacle Vacations,+18004855632,"4600 Summerlin Road, Suite C-2, Box 277, Fort Myers, FL 33919",Club 36,Pinnacle Vacations,https://www.pinnaclevacations.com/search-results.aspx?prevpage=state-search.aspx&stateid=29,2026-10-02T19:07:07Z,company
Pinnacle Vacations,+18004855632,"4600 Summerlin Road, Suite C-2, Box 277, Fort Myers, FL 33919",Daytona Seabreeze,Pinnacle Vacations,https://www.pinnaclevacations.com/search-results.aspx?prevpage=state-search.aspx&stateid=10,2026-10-02T19:07:04Z,company
Pinnacle Vacations,+18004855632,"4600 Summerlin Road, Suite C-2, Box 277, Fort Myers, FL 33919",Hanalei Bay Resort,Pinnacle Vacations,https://www.pinnaclevacations.com/search-results.aspx?prevpage=state-search.aspx&stateid=12,2026-10-02T19:07:05Z,company
Pinnacle Vacations,+18004855632,"4600 Summerlin Road, Suite C-2, Box 277, Fort Myers, FL 33919",Lake Eve,Pinnacle Vacations,https://www.pinnaclevacations.com/search-results.aspx?prevpage=state-search.aspx&stateid=10,2026-10-02T19:07:04Z,company
Pinnacle Vacations,+18004855632,"4600 Summerlin Road, Suite C-2, Box 277, Fort Myers, FL 33919",Oasis Lakes,Pinnacle Vacations,https://www.pinnaclevacations.com/search-results.aspx?prevpage=state-search.aspx&stateid=10,2026-10-02T19:07:04Z,company
Pinnacle Vacations,+18004855632,"4600 Summerlin Road, Suite C-2, Box 277, Fort Myers, FL 33919",Pono Kai,Pinnacle Vacations,https://www.pinnaclevacations.com/search-results.aspx?prevpage=state-search.aspx&stateid=12,2026-10-02T19:07:05Z,company
Pinnacle Vacations,+18004855632,"4600 Summerlin Road, Suite C-2, Box 277, Fort Myers, FL 33919",Resort at World Golf,Pinnacle Vacations,https://www.pinnaclevacations.com/search-results.aspx?prevpage=state-search.aspx&stateid=10,2026-10-02T19:07:04Z,company
Pinnacle Vacations,+18004855632,"4600 Summerlin Road, Suite C-2, Box 277, Fort Myers, FL 33919",Solara Surfside,Pinnacle Vacations,https://www.pinnaclevacations.com/search-results.aspx?prevpage=state-search.aspx&stateid=10,2026-10-02T19:07:04Z,company
Pinnacle Vacations,+18004855632,"4600 Summerlin Road, Suite C-2, Box 277, Fort Myers, FL 33919",The Fountains,Pinnacle Vacations,https://www.pinnaclevacations.com/search-results.aspx?prevpage=state-search.aspx&stateid=10,2026-10-02T19:07:04Z,company
Pinnacle Vacations,+18004855632,"4600 Summerlin Road, Suite C-2, Box 277, Fort Myers, FL 33919",The Hammocks at Marathon,Pinnacle Vacations,https://www.pinnaclevacations.com/search-results.aspx?prevpage=state-search.aspx&stateid=10,2026-10-02T19:07:04Z,company
Pinnacle Vacations,+18004855632,"4600 Summerlin Road, Suite C-2, Box 277, Fort Myers, FL 33919",Tradewinds,Pinnacle Vacations,https://www.pinnaclevacations.com/search-results.aspx?prevpage=state-search.aspx&stateid=10,2026-10-02T19:07:04Z,company
SellMyTimeshareNow,+18552993829,"4709 South Ocean Boulevard, North Myrtle Beach, South Carolina",Bluegreen Resorts - Shore Crest Vacation Villas I,SellMyTimeshareNow,https://www.sellmytimesharenow.com/timeshares/index/content/details/AdNumber/100406127/sale/,2026-10-02T19:06:48Z,company
SellMyTimeshareNow,+18552993829,"120th Street, Edward Taylor Road, Ocean City, Maryland",Club Ocean Villas II,SellMyTimeshareNow,https://www.sellmytimesharenow.com/timeshares/index/content/details/AdNumber/100399532/sale/,2026-10-02T19:07:00Z,company
SellMyTimeshareNow,+18552993829,"1600 North Atlantic Avenue, Cocoa Beach, Florida",Resort on Cocoa Beach,SellMyTimeshareNow,https://www.sellmytimesharenow.com/timeshares/index/content/details/AdNumber/100398380/sale/,2026-10-02T19:06:50Z,company
SellMyTimeshareNow,+18552993829,"2023 Kalia Rd, Oahu, Honolulu, Hawaii",The Grand Islander by Hilton Grand Vacations Club,SellMyTimeshareNow,https://www.sellmytimesharenow.com/timeshares/index/content/details/AdNumber/100403520/sale/,2026-10-02T19:06:58Z,company
SellMyTimeshareNow,+18552993829,"10000 Turkey Lake Road, Orlando, Florida",Westgate Lakes Resort and Spa Phase I,SellMyTimeshareNow,https://www.sellmytimesharenow.com/timeshares/index/content/details/AdNumber/100398406/sale/,2026-10-02T19:06:54Z,company
